pair_label,chain1,res1,chain2,res2,pp_occ_pct,lig_occ_pct,simultaneous_pct,disruption_pct,disruption_pct_global,disruption_pct_by_lig,disruption_pct_by_testable,disruption_pct_by_examined,overlap_pct_of_pp,blocked_pct_of_lig,pp_frames_count,lig_frames_count,disruption_count,mean_min_dist_mean,mean_min_dist_std,mean_min_dist_when_contact_mean,n_contact_frames_total,frames_examined_total,apo_freq,status
E449-A38,E,449,A,38,98.6013986013986,99.6003996003996,98.20179820179821,1.3986013986013985,1.3986013986013985,1.4042126379137412,1.3986013986013985,0.4662004662004662,99.59473150962512,1.4042126379137412,987,997,14,3.4952163246934673,1.003122945026024,2.995238784212028,2273,3003,0.7569097569097569,preserved
E417-A30,E,417,A,30,96.90309690309691,97.30269730269731,94.30569430569432,2.997002997002997,2.997002997002997,3.0800821355236137,3.0,0.999000999000999,97.31958762886597,3.0800821355236137,970,974,30,4.150271325072835,1.4051595013561364,3.122549050787858,1880,3003,0.626040626040626,preserved
E493-A34,E,493,A,34,91.00899100899102,85.21478521478521,77.42257742257742,7.792207792207792,7.792207792207792,9.14419695193435,7.886754297269969,2.5974025974025974,85.07135016465422,9.14419695193435,911,853,78,4.004040267271945,0.4590727817670996,3.632655495941959,1630,3003,0.5427905427905428,preserved
E498-A353,E,498,A,353,79.42057942057941,8.191808191808192,7.1928071928071935,0.999000999000999,0.999000999000999,12.195121951219512,1.2422360248447204,0.333000333000333,9.056603773584905,12.195121951219512,795,82,10,4.5304785010204816,1.0260756887207252,3.3088372699371984,1252,3003,0.4169164169164169,partial
E495-A353,E,495,A,353,1.7982017982017984,9.79020979020979,0.0999000999000999,9.69030969030969,9.69030969030969,98.9795918367347,84.34782608695653,3.2301032301032304,5.555555555555555,98.9795918367347,18,98,97,5.870419354436998,0.4784084030092656,3.504907490258187,18,3003,0.005994005994005994,insufficient_baseline
