Chain,Residue,occ_mean,occ_sd,replicates
A,26.0,7.492507492507492,2.746798618355149,3
A,30.0,56.243756243756245,11.716880648468136,3
A,33.0,75.0915750915751,21.658363162042523,3
A,34.0,46.053946053946056,8.395769863915563,3
A,35.0,0.14985014985014986,0.07064003808057417,2
A,37.0,50.516150516150525,19.196508873270098,3
A,38.0,92.90709290709292,3.120978891471194,3
A,92.0,0.14985014985014986,0.07064003808057417,2
A,96.0,1.998001998001998,1.3986013986013988,3
A,353.0,3.0303030303030307,1.6726431375124025,3
A,386.0,1.1988011988011988,0.42384022848344505,2
A,387.0,12.620712620712618,4.656173509426147,3
A,388.0,9.523809523809524,5.701603656563302,3
A,389.0,27.17282717282717,10.996727832674821,3
A,390.0,60.472860472860475,17.08622729182877,3
A,393.0,6.926406926406926,8.970079610269686,3
E,403.0,63.03696303696304,9.618984237414208,3
E,405.0,2.3976023976023977,3.635046033698352,3
E,406.0,15.218115218115216,21.60484501004784,3
E,408.0,1.7982017982017984,,1
E,409.0,21.578421578421576,,1
E,414.0,0.0999000999000999,,1
E,415.0,20.27972027972028,,1
E,417.0,20.213120213120217,17.844499504945684,3
E,418.0,8.591408591408593,,1
E,420.0,0.1998001998001998,,1
E,453.0,1.7982017982017984,2.340734168603393,3
E,493.0,0.1998001998001998,,1
E,494.0,3.9627039627039626,2.3563156270841805,3
E,495.0,0.5994005994005994,0.17303204870817954,3
E,496.0,97.46919746919747,1.095869641818473,3
E,497.0,3.663003663003663,0.642267782949914,3
E,505.0,78.95437895437895,2.578764554984929,3
