Chain,Residue,frames,occupancy_pct,replicate
A,26,45,4.495504495504496,PL-Contacts_rep2
A,30,457,45.654345654345654,PL-Contacts_rep2
A,33,505,50.44955044955045,PL-Contacts_rep2
A,34,472,47.15284715284716,PL-Contacts_rep2
A,37,305,30.46953046953047,PL-Contacts_rep2
A,38,966,96.5034965034965,PL-Contacts_rep2
A,96,4,0.3996003996003996,PL-Contacts_rep2
A,353,11,1.098901098901099,PL-Contacts_rep2
A,386,9,0.8991008991008992,PL-Contacts_rep2
A,387,171,17.08291708291708,PL-Contacts_rep2
A,388,52,5.194805194805195,PL-Contacts_rep2
A,389,145,14.485514485514486,PL-Contacts_rep2
A,390,685,68.43156843156844,PL-Contacts_rep2
A,393,173,17.282717282717282,PL-Contacts_rep2
E,403,521,52.04795204795205,PL-Contacts_rep2
E,405,66,6.593406593406594,PL-Contacts_rep2
E,406,402,40.15984015984016,PL-Contacts_rep2
E,408,18,1.7982017982017984,PL-Contacts_rep2
E,409,216,21.578421578421576,PL-Contacts_rep2
E,414,1,0.0999000999000999,PL-Contacts_rep2
E,415,203,20.27972027972028,PL-Contacts_rep2
E,417,48,4.795204795204795,PL-Contacts_rep2
E,418,86,8.591408591408593,PL-Contacts_rep2
E,420,2,0.1998001998001998,PL-Contacts_rep2
E,453,45,4.495504495504496,PL-Contacts_rep2
E,494,15,1.4985014985014986,PL-Contacts_rep2
E,495,7,0.6993006993006993,PL-Contacts_rep2
E,496,963,96.2037962037962,PL-Contacts_rep2
E,497,32,3.196803196803197,PL-Contacts_rep2
E,505,820,81.91808191808192,PL-Contacts_rep2
