Chain,Residue,frames,occupancy_pct,replicate
A,26,99,9.89010989010989,PL-Contacts_rep3
A,30,689,68.83116883116884,PL-Contacts_rep3
A,33,912,91.10889110889111,PL-Contacts_rep3
A,34,539,53.84615384615385,PL-Contacts_rep3
A,35,1,0.0999000999000999,PL-Contacts_rep3
A,37,524,52.34765234765235,PL-Contacts_rep3
A,38,910,90.9090909090909,PL-Contacts_rep3
A,92,2,0.1998001998001998,PL-Contacts_rep3
A,96,30,2.997002997002997,PL-Contacts_rep3
A,353,40,3.996003996003996,PL-Contacts_rep3
A,387,130,12.987012987012985,PL-Contacts_rep3
A,388,74,7.392607392607392,PL-Contacts_rep3
A,389,331,33.06693306693307,PL-Contacts_rep3
A,390,722,72.12787212787212,PL-Contacts_rep3
A,393,19,1.898101898101898,PL-Contacts_rep3
E,403,700,69.93006993006993,PL-Contacts_rep3
E,405,4,0.3996003996003996,PL-Contacts_rep3
E,406,23,2.2977022977022976,PL-Contacts_rep3
E,417,161,16.083916083916083,PL-Contacts_rep3
E,453,6,0.5994005994005994,PL-Contacts_rep3
E,494,62,6.193806193806194,PL-Contacts_rep3
E,495,4,0.3996003996003996,PL-Contacts_rep3
E,496,982,98.1018981018981,PL-Contacts_rep3
E,497,44,4.395604395604396,PL-Contacts_rep3
E,505,778,77.72227772227772,PL-Contacts_rep3
