Chain,Residue,frames,occupancy_pct,replicate
A,26,81,8.091908091908092,PL-Contacts_rep1
A,30,543,54.24575424575424,PL-Contacts_rep1
A,33,838,83.71628371628371,PL-Contacts_rep1
A,34,372,37.162837162837164,PL-Contacts_rep1
A,35,2,0.1998001998001998,PL-Contacts_rep1
A,37,688,68.73126873126874,PL-Contacts_rep1
A,38,914,91.30869130869131,PL-Contacts_rep1
A,92,1,0.0999000999000999,PL-Contacts_rep1
A,96,26,2.5974025974025974,PL-Contacts_rep1
A,353,40,3.996003996003996,PL-Contacts_rep1
A,386,15,1.4985014985014986,PL-Contacts_rep1
A,387,78,7.792207792207792,PL-Contacts_rep1
A,388,160,15.984015984015985,PL-Contacts_rep1
A,389,340,33.96603396603396,PL-Contacts_rep1
A,390,409,40.85914085914086,PL-Contacts_rep1
A,393,16,1.5984015984015985,PL-Contacts_rep1
E,403,672,67.13286713286713,PL-Contacts_rep1
E,405,2,0.1998001998001998,PL-Contacts_rep1
E,406,32,3.196803196803197,PL-Contacts_rep1
E,417,398,39.76023976023976,PL-Contacts_rep1
E,453,3,0.2997002997002997,PL-Contacts_rep1
E,493,2,0.1998001998001998,PL-Contacts_rep1
E,494,42,4.195804195804196,PL-Contacts_rep1
E,495,7,0.6993006993006993,PL-Contacts_rep1
E,496,982,98.1018981018981,PL-Contacts_rep1
E,497,34,3.3966033966033966,PL-Contacts_rep1
E,505,773,77.22277722277722,PL-Contacts_rep1
